{
  "model_metrics": {
    "accuracy": 0.70592260704201,
    "precision": 0.7278717877217958,
    "recall": 0.689988591780517,
    "f1_score": 0.7084240974181337,
    "auc": 0.784522903363076
  },
  "total_time": 378.64439392089844,
  "improvement_pct": -1.9551934663874906
}