{
  "metrics": {
    "accuracy": 0.8105904701598861,
    "precision": 0.8239752513534416,
    "recall": 0.8093284715891826,
    "f1_score": 0.8165861883957999,
    "auc": 0.8857799908139387,
    "blend_weights": [
      0.7000000000000002,
      0.2999999999999998
    ],
    "model_metrics": {
      "xgb": {
        "accuracy": 0.8158144688934621,
        "precision": 0.8291814946619217,
        "recall": 0.8141902157398967,
        "f1_score": 0.8216174779609046,
        "auc": 0.8916728824210233,
        "best_iteration": 795
      },
      "lgb": {
        "accuracy": 0.7574798163685293,
        "precision": 0.773476368159204,
        "recall": 0.7558492859313278,
        "f1_score": 0.7645612417396649,
        "auc": 0.8333677258352257,
        "best_iteration": 628
      }
    }
  },
  "total_time": 139.43929982185364,
  "improvement_pct": 12.582009744428625,
  "feature_count": 118
}