{
  "metrics": {
    "accuracy": 0.7377686855298795,
    "precision": 0.7556868963528903,
    "recall": 0.7293191240713431,
    "f1_score": 0.7422689170820118,
    "auc": 0.8177917650617801,
    "blend_weights": [
      0.7000000000000002,
      0.2999999999999998
    ]
  },
  "total_time": 687.0306489467621,
  "improvement_pct": 2.4678729902610463
}