{
  "model_metrics": {
    "accuracy": 0.669257477093298,
    "precision": 0.6930535520425918,
    "recall": 0.6483625031303041,
    "f1_score": 0.6699635569037026,
    "auc": 0.7409779432813369
  },
  "total_time": 307.09734201431274,
  "improvement_pct": -7.047572625930834
}